capital-common-countries,capital-world,currency,city-in-state,family,gram1-adjective-to-adverb,gram2-opposite,gram3-comparative,gram4-superlative,gram5-present-participle,gram6-nationality-adjective,gram7-past-tense,gram8-plural
0.66600790513834,0.2801326944342057,0.07413249211356467,0.2266990291262136,0.506265664160401,0.08532778355879292,0.06924315619967794,0.49324324324324326,0.18614718614718614,0.26325757575757575,0.6416666666666667,0.3234714003944773,0.4380952380952381
