capital-common-countries,capital-world,currency,city-in-state,family,gram1-adjective-to-adverb,gram2-opposite,gram3-comparative,gram4-superlative,gram5-present-participle,gram6-nationality-adjective,gram7-past-tense,gram8-plural
0.7015810276679841,0.3277216610549944,0.08321775312066575,0.27424892703862663,0.5827664399092971,0.1028225806451613,0.11479591836734694,0.5525525525525525,0.21117424242424243,0.2746212121212121,0.6705128205128205,0.30256410256410254,0.3611111111111111
