capital-common-countries,capital-world,currency,city-in-state,family,gram1-adjective-to-adverb,gram2-opposite,gram3-comparative,gram4-superlative,gram5-present-participle,gram6-nationality-adjective,gram7-past-tense,gram8-plural
0.7193675889328063,0.3380022115739034,0.083596214511041,0.2524271844660194,0.5037593984962406,0.11758584807492195,0.07729468599033816,0.509009009009009,0.22510822510822512,0.3001893939393939,0.6461538461538462,0.31689677843524,0.41349206349206347
