capital-common-countries,capital-world,currency,city-in-state,family,gram1-adjective-to-adverb,gram2-opposite,gram3-comparative,gram4-superlative,gram5-present-participle,gram6-nationality-adjective,gram7-past-tense,gram8-plural
0.658102766798419,0.27581369248035914,0.09986130374479889,0.30643776824034336,0.30158730158730157,0.023185483870967742,0.047193877551020405,0.21021021021021022,0.06723484848484848,0.10227272727272728,0.7198717948717949,0.19166666666666668,0.31456456456456455
